Station_ID,NAME,ST,Lat,Long,ElevationF,MNET,DDLat,DDLon,altName
Ambrose / Ft. Tilden,Ambrose / Ft. Tilden,NY,40.45000000000,-73.81667000000,3,NWS/FAA,40.45000000000,-73.81667000000,NY - Offshore - New York Bight - Ambrose / Ft. Tilden
Ambrose Light,Ambrose Light,NY,40.46000000000,-73.83000000000,0,MARITIME,40.46000000000,-73.83000000000,NY - Offshore - New York Bight - Ambrose Light
Sandy Hook Coast Guard Station,Sandy Hook Coast Guard Station,NJ,40.46667000000,-74.01667000000,16,NWS/FAA,40.46667000000,-74.01667000000,NJ - Offshore - Sandy Hook Bay - Sandy Hook Coast Guard Station
Sandy Hook,Sandy Hook,NJ,40.46690000000,-74.00940000000,3,NOS-NWLON,40.46690000000,-74.00940000000,NJ - Monmouth County - Sandy Hook Bay - Sandy Hook
Sandy Hook,Sandy Hook,NJ,40.47000000000,-74.01000000000,23,GPSMET,40.47000000000,-74.01000000000,NJ - Monmouth County - Middletown Township - Sandy Hook 1
Sandy Hook,Sandy Hook,NJ,40.47150000000,-74.01200000000,23,GPSMET,40.47150000000,-74.01200000000,NJ - Monmouth County - Middletown Township - Sandy Hook 2
DW7386 Perth Amboy,DW7386 Perth Amboy,NJ,40.50217000000,-74.26327000000,33,APRSWXNET/CWOP,40.50217000000,-74.26327000000,NJ - Middlesex County - Perth Amboy - Raritan Bay 1
ARTHUR KILL AT PERTH AMBOY,ARTHUR KILL AT PERTH AMBOY,NJ,40.50389000000,-74.26222000000,0,HADS,40.50389000000,-74.26222000000,NJ - Middlesex County - Perth Amboy - Raritan Bay 2
DW8569 Eltingville,DW8569 Eltingville,NY,40.55383000000,-74.16139000000,75,APRSWXNET/CWOP,40.55383000000,-74.16139000000,NY - Richmond County - Great Kills-Eltingville - Eltingville
EW5922 Woodbridge,EW5922 Woodbridge,NJ,40.55550000000,-74.27417000000,20,APRSWXNET/CWOP,40.55550000000,-74.27417000000,NJ - Middlesex County - Woodbridge Township - Woodbridge
Rockaway Coast Guard Station,Rockaway Coast Guard Station,NY,40.56667000000,-73.88333000000,10,NWS/FAA,40.56667000000,-73.88333000000,NY - Queens County - Jacob Riis Park-Fort Tilden-Breezy Point Tip - Rockaway Coast Guard Station
EW5465 Staten Island,EW5465 Staten Island,NY,40.56717000000,-74.13250000000,74,APRSWXNET/CWOP,40.56717000000,-74.13250000000,NY - Richmond County - Oakwood-Richmondtown - Richmond Town
DW5516 Avenel,DW5516 Avenel,NJ,40.57583000000,-74.27300000000,39,APRSWXNET/CWOP,40.57583000000,-74.27300000000,NJ - Middlesex County - Woodbridge Township - Avenel
FW1729 Manhattan Beach,FW1729 Manhattan Beach,NY,40.57700000000,-73.93200000000,7,APRSWXNET/CWOP,40.57700000000,-73.93200000000,NY - Kings County - Sheepshead Bay-Manhattan Beach-Gerritsen Beach - Manhattan Beach
RAPID DEPLOY - MIDLAND BEACH PIE,RAPID DEPLOY - MIDLAND BEACH PIE,NY,40.57778000000,-74.07306000000,0,HADS,40.57778000000,-74.07306000000,NY - Richmond County - Grasmere-Arrochar-South Beach-Dongan Hills - Midland Beach
Fresh Kills,Fresh Kills,NY,40.58020000000,-74.19940000000,-3,AIRNOW,40.58020000000,-74.19940000000,NY - Richmond County - Freshkills Park (North) - Fresh Kills
FW5744 Carteret,FW5744 Carteret,NJ,40.58167000000,-74.23867000000,32,APRSWXNET/CWOP,40.58167000000,-74.23867000000,NJ - Middlesex County - Carteret Borough - Carteret
CW2525 Long Beach,CW2525 Long Beach,NY,40.58800000000,-73.69330000000,10,APRSWXNET/CWOP,40.58800000000,-73.69330000000,NY - Nassau County - Long Beach - Long Beach
GW0805 Sheepshead Bay,GW0805 Sheepshead Bay,NY,40.59100000000,-73.96450000000,13,APRSWXNET/CWOP,40.59100000000,-73.96450000000,NY - Kings County - Gravesend (South) - Sheepshead Bay
FW2134 Staten Island,FW2134 Staten Island,NY,40.59133000000,-74.18850000000,8,APRSWXNET/CWOP,40.59133000000,-74.18850000000,NY - Richmond County - New Springville-Willowbrook-Bulls Head-Travis - Travis-Chelsea
GW0665 Brooklyn,GW0665 Brooklyn,NY,40.59200000000,-73.99000000000,13,APRSWXNET/CWOP,40.59200000000,-73.99000000000,NY - Kings County - Gravesend (West) - 26th Ave / Harway Ave
CW2624 New York,CW2624 New York,NY,40.59250000000,-73.95120000000,13,APRSWXNET/CWOP,40.59250000000,-73.95120000000,NY - Kings County - Sheepshead Bay-Manhattan Beach-Gerritsen Beach - Ave X / E 19th St
GW0727 Brooklyn,GW0727 Brooklyn,NY,40.59283000000,-73.99050000000,16,APRSWXNET/CWOP,40.59283000000,-73.99050000000,NY - Kings County - Gravesend (West) - Bay 41st St
Brooklyn,Brooklyn,NY,40.59370000000,-73.98150000000,20,NWS COOP,40.59370000000,-73.98150000000,NY - Kings County - Gravesend (South) - Ave V / W 11th St
Staten Island,Staten Island,NY,40.59680000000,-74.18010000000,30,NWS COOP,40.59680000000,-74.18010000000,NY - Richmond County - New Springville-Willowbrook-Bulls Head-Travis - Freshkills Park
DW5729 Sheepshead Bay,DW5729 Sheepshead Bay,NY,40.60028000000,-73.94883000000,13,APRSWXNET/CWOP,40.60028000000,-73.94883000000,NY - Kings County - Madison - Ave U / E 23rd St
Rahway PM,Rahway PM,NJ,40.60394000000,-74.27618000000,23,AIRNOW,40.60394000000,-74.27618000000,NJ - Union County - Rahway - Rahway Fire Department
EW7893 Staten Island,EW7893 Staten Island,NY,40.61567000000,-74.14550000000,51,APRSWXNET/CWOP,40.61567000000,-74.14550000000,NY - Richmond County - Westerleigh-Castleton Corners - Westerleigh
Linden Airport,Linden Airport,NJ,40.61740000000,-74.24460000000,23,NWS/FAA,40.61740000000,-74.24460000000,NJ - Union County - Linden - Linden Airport
DW6550 Staten Island,DW6550 Staten Island,NY,40.62300000000,-74.11000000000,253,APRSWXNET/CWOP,40.62300000000,-74.11000000000,NY - Richmond County - West New Brighton-Silver Lake-Grymes Hill - Bement Ave
GW1643 STATEN ISLAND,GW1643 STATEN ISLAND,NY,40.62433000000,-74.08967000000,344,APRSWXNET/CWOP,40.62433000000,-74.08967000000,NY - Richmond County - West New Brighton-Silver Lake-Grymes Hill - Ada Pl
EW1296 Brooklyn,EW1296 Brooklyn,NY,40.62450000000,-74.01300000000,86,APRSWXNET/CWOP,40.62450000000,-74.01300000000,NY - Kings County - Dyker Heights - 74th St / 10th Ave
EW2876 Brooklyn,EW2876 Brooklyn,NY,40.62800000000,-74.03717000000,45,APRSWXNET/CWOP,40.62800000000,-74.03717000000,NY - Kings County - Bay Ridge - 82nd St / Narrows Ave
FW3861 East Rockaway,FW3861 East Rockaway,NY,40.63000000000,-73.67300000000,13,APRSWXNET/CWOP,40.63000000000,-73.67300000000,NY - Nassau County - Hempstead - Bay Park
Port Richmond,Port Richmond,NY,40.63306000000,-74.13716000000,43,AIRNOW,40.63306000000,-74.13716000000,NY - Richmond County - Port Richmond - Port Richmond 1
DW6547 Staten Island,DW6547 Staten Island,NY,40.63467000000,-74.14367000000,39,APRSWXNET/CWOP,40.63467000000,-74.14367000000,NY - Richmond County - Port Richmond - Port Richmond 2
Bergen Point West Reach,Bergen Point West Reach,NY,40.63670000000,-74.14170000000,23,NOS-PORTS,40.63670000000,-74.14170000000,NY - Richmond County - Port Richmond - Port Richmond High School
EW1237 Brooklyn,EW1237 Brooklyn,NY,40.63733000000,-73.98983000000,49,APRSWXNET/CWOP,40.63733000000,-73.98983000000,NY - Kings County - Borough Park - 45th St / 13th Ave
"New York, Kennedy International","New York, Kennedy International",NY,40.63915000000,-73.76393000000,10,NWS/FAA,40.63915000000,-73.76393000000,NY - Queens County - John F. Kennedy International Airport - John F. Kennedy International Airport
Elizabeth Trailer,Elizabeth Trailer,NJ,40.64144000000,-74.20837000000,20,AIRNOW,40.64144000000,-74.20837000000,NJ - Union County - Elizabeth - Elizabeth - I-278 / I-95 Interchange
Bklyn - PS 314,Bklyn - PS 314,NY,40.64182000000,-74.01871000000,89,AIRNOW,40.64182000000,-74.01871000000,NY - Kings County - Sunset Park (West) - PS 314
KF2EO Staten Island,KF2EO Staten Island,NY,40.64317000000,-74.08083000000,190,APRSWXNET/CWOP,40.64317000000,-74.08083000000,NY - Richmond County - St. George-New Brighton - Saint George 1
KF2EO-15 Staten Island,KF2EO-15 Staten Island,NY,40.64317000000,-74.08083000000,164,APRSWXNET/CWOP,40.64317000000,-74.08083000000,NY - Richmond County - St. George-New Brighton - Saint George 2
CW3340 Valley Stream,CW3340 Valley Stream,NY,40.65137000000,-73.69418000000,10,APRSWXNET/CWOP,40.65137000000,-73.69418000000,NY - Nassau County - Hempstead - Valley Stream 1
Robbins Reef,Robbins Reef,NJ,40.65670000000,-74.06500000000,0,NOS-PORTS,40.65670000000,-74.06500000000,NJ - Hudson County - Upper Bay - Robbins Reef 1
Robins Reef,Robins Reef,NJ,40.65700000000,-74.06500000000,0,NOS-PORTS,40.65700000000,-74.06500000000,NJ - Hudson County - Upper Bay - Robbins Reef 2
W2DSX Valley Stream,W2DSX Valley Stream,NY,40.65717000000,-73.69183000000,33,APRSWXNET/CWOP,40.65717000000,-73.69183000000,NY - Nassau County - Hempstead - Valley Stream 2
GW3011 Brooklyn,GW3011 Brooklyn,NY,40.66167000000,-73.98917000000,114,APRSWXNET/CWOP,40.66167000000,-73.98917000000,NY - Kings County - Sunset Park (West) - 18th St / 6th Ave
Elizabeth,Elizabeth,NJ,40.66239000000,-74.21481000000,30,AIRNOW,40.66239000000,-74.21481000000,NJ - Union County - Elizabeth - Elizabeth
CW9916 Elizabeth,CW9916 Elizabeth,NJ,40.66667000000,-74.23333000000,20,APRSWXNET/CWOP,40.66667000000,-74.23333000000,NJ - Union County - Elizabeth - Elmora Ave
EW6780 Roselle Park,EW6780 Roselle Park,NJ,40.66917000000,-74.25650000000,85,APRSWXNET/CWOP,40.66917000000,-74.25650000000,NJ - Union County - Roselle Park Borough - Roselle Park
Bayonne,Bayonne,NJ,40.67025000000,-74.12608000000,7,AIRNOW,40.67025000000,-74.12608000000,NJ - Hudson County - Bayonne - Bayonne - Veterans Park
FW8726 Brooklyn,FW8726 Brooklyn,NY,40.67100000000,-73.98150000000,82,APRSWXNET/CWOP,40.67100000000,-73.98150000000,NY - Kings County - Park Slope - 4th St / 6th Ave
DW0037 Bayonne,DW0037 Bayonne,NJ,40.67133000000,-74.11800000000,20,APRSWXNET/CWOP,40.67133000000,-74.11800000000,NJ - Hudson County - Bayonne - W 30th St
GW2248 OZONE PARK,GW2248 OZONE PARK,NY,40.67183000000,-73.84517000000,22,APRSWXNET/CWOP,40.67183000000,-73.84517000000,NY - Queens County - Ozone Park - Ozone Park
CW3712 Union,CW3712 Union,NJ,40.67950000000,-74.23533000000,55,APRSWXNET/CWOP,40.67950000000,-74.23533000000,NJ - Union County - Union Township - Kean University - Townsend Hall
Union,Union,NJ,40.68050000000,-74.23400000000,91,GPSMET,40.68050000000,-74.23400000000,NJ - Union County - Union Township - Kean University - George Hennings Hall
CW2685 Brooklyn,CW2685 Brooklyn,NY,40.68050000000,-74.00080000000,66,APRSWXNET/CWOP,40.68050000000,-74.00080000000,NY - Kings County - Carroll Gardens-Cobble Hill-Gowanus-Red Hook - Carroll Gardens
Newark International Airport,Newark International Airport,NJ,40.68250000000,-74.16944000000,16,NWS/FAA,40.68250000000,-74.16944000000,NJ - Union County - Elizabeth - Newark International Airport
EW1319 Brooklyn,EW1319 Brooklyn,NY,40.68883000000,-73.99617000000,59,APRSWXNET/CWOP,40.68883000000,-73.99617000000,NY - Kings County - Carroll Gardens-Cobble Hill-Gowanus-Red Hook - Cobble Hill
Bklyn - PS274,Bklyn - PS274,NY,40.69440000000,-73.92860000000,59,AIRNOW,40.69440000000,-73.92860000000,NY - Kings County - Bushwick (West) - PS274
FW9483 Brooklyn,FW9483 Brooklyn,NY,40.69717000000,-73.99517000000,111,APRSWXNET/CWOP,40.69717000000,-73.99517000000,NY - Kings County - Brooklyn Heights - Brooklyn Heights
EW1020 Brooklyn,EW1020 Brooklyn,NY,40.70000000000,-73.90000000000,33,APRSWXNET/CWOP,40.70000000000,-73.90000000000,NY - Queens County - Ridgewood - Ridgewood
The Battery,The Battery,NY,40.70060000000,-74.01420000000,0,NOS-NWLON,40.70060000000,-74.01420000000,NY - New York County - New York - The Battery
New York Downtown Manhattan,New York Downtown Manhattan,NY,40.70120000000,-74.00900000000,7,NWS/FAA,40.70120000000,-74.00900000000,NY - New York County - Financial District-Battery Park City - Downtown Manhattan - Heliport
FW2280 Jersey City,FW2280 Jersey City,NJ,40.70167000000,-74.03650000000,0,APRSWXNET/CWOP,40.70167000000,-74.03650000000,NJ - Hudson County - Upper Bay - Ellis Island
JERSEY CITY,JERSEY CITY,NJ,40.70877000000,-74.05300000000,7,NJNET,40.70877000000,-74.05300000000,NJ - Hudson County - Jersey City - Liberty State Park
WORLD TRADE CENTER,WORLD TRADE CENTER,NY,40.71040000000,-74.01420000000,40,MISC,40.71040000000,-74.01420000000,NY - New York County - Financial District-Battery Park City - World Trade Center
PASSAIC RIVER AT PVSC AT NEWARK,PASSAIC RIVER AT PVSC AT NEWARK,NJ,40.71139000000,-74.12278000000,6,HADS,40.71139000000,-74.12278000000,NJ - Essex County - Newark - Newark - Passaic River
W2MJD Hempstead,W2MJD Hempstead,NY,40.71156000000,-73.64170000000,74,APRSWXNET/CWOP,40.71156000000,-73.64170000000,NY - Nassau County - Hempstead - West Hempstead
Division Street,Division Street,NY,40.71420000000,-73.99500000000,69,AIRNOW,40.71420000000,-73.99500000000,NY - New York County - Chinatown-Two Bridges - Manhattan Bridge / Division St
Williamsburg           Brooklyn,Williamsburg           Brooklyn,NY,40.71800000000,-73.95900000000,50,WX4U,40.71800000000,-73.95900000000,NY - Kings County - Williamsburg - Williamsburg
N9OXE Jersey City,N9OXE Jersey City,NJ,40.72000000000,-74.03050000000,10,APRSWXNET/CWOP,40.72000000000,-74.03050000000,NJ - Hudson County - Hudson River - Jersey City Harbor
Floral Park,Floral Park,NY,40.72000000000,-73.70000000000,200,WX4U,40.72000000000,-73.70000000000,NY - Nassau County - Hempstead - Floral Park 1
Newark Firehouse,Newark Firehouse,NJ,40.72099000000,-74.19289000000,89,AIRNOW,40.72099000000,-74.19289000000,NJ - Essex County - Newark - Newark Firehouse
DW1891 Floral Park,DW1891 Floral Park,NY,40.72262000000,-73.71084000000,75,APRSWXNET/CWOP,40.72262000000,-73.71084000000,NY - Nassau County - Hempstead - Floral Park 2
Floral Park,Floral Park,NY,40.72500000000,-73.70300000000,98,WX4U,40.72500000000,-73.70300000000,NY - Nassau County - Hempstead - Floral Park 3
Jersey City FH,Jersey City FH,NJ,40.72545000000,-74.05229000000,13,AIRNOW,40.72545000000,-74.05229000000,NJ - Hudson County - Jersey City - Mary Benson Park
Maspeth,Maspeth,NY,40.72690000000,-73.89330000000,105,AIRNOW,40.72690000000,-73.89330000000,NY - Queens County - Maspeth - Maspeth
FW1075 Bellerose,FW1075 Bellerose,NY,40.72733000000,-73.71850000000,92,APRSWXNET/CWOP,40.72733000000,-73.71850000000,NY - Queens County - Bellerose - Bellerose
CW0153 Floral Park,CW0153 Floral Park,NY,40.73083000000,-73.70519000000,95,APRSWXNET/CWOP,40.73083000000,-73.70519000000,NY - Nassau County - North Hempstead - Floral Park
Jersey City,Jersey City,NJ,40.73169000000,-74.06657000000,95,AIRNOW,40.73169000000,-74.06657000000,NJ - Hudson County - Jersey City - Jersey City - CR 501
EAST BRANCH RAHWAY RIVER AT MAPL,EAST BRANCH RAHWAY RIVER AT MAPL,NJ,40.73472000000,-74.27056000000,144,HADS,40.73472000000,-74.27056000000,NJ - Essex County - Maplewood Township - Maplewood - East Branchway River
DW0497 Keansburg,DW0497 Keansburg,NJ,40.73500000000,-74.20217000000,13,APRSWXNET/CWOP,40.73500000000,-74.20217000000,NJ - Essex County - Newark - Keansburg
Queens,Queens,NY,40.73750000000,-73.82440000000,72,AIRNOW,40.73750000000,-73.82440000000,NY - Queens County - Kew Gardens Hills - Queens College CUNY
Queens Near-road,Queens Near-road,NY,40.73926000000,-73.81769000000,46,AIRNOW,40.73926000000,-73.81769000000,NY - Queens County - Queensboro Hill - Queensboro Hill - I-495
CW8241 Newark,CW8241 Newark,NJ,40.74000000000,-74.17750000000,131,APRSWXNET/CWOP,40.74000000000,-74.17750000000,NJ - Essex County - Newark - Rutgers University - Newark Campus
CW2963 Jersey City,CW2963 Jersey City,NJ,40.74000000000,-74.05000000000,69,APRSWXNET/CWOP,40.74000000000,-74.05000000000,NJ - Hudson County - Jersey City - Jersey City - Booraem Ave
CW1489 Oakland Gardens,CW1489 Oakland Gardens,NY,40.74000000000,-73.74500000000,23,APRSWXNET/CWOP,40.74000000000,-73.74500000000,NY - Queens County - Oakland Gardens-Hollis Hills - Oakland Gardens
FW1417 Hoboken,FW1417 Hoboken,NJ,40.74526000000,-74.02919000000,13,APRSWXNET/CWOP,40.74526000000,-74.02919000000,NJ - Hudson County - Hoboken - Hoboken
DW1359 New York City,DW1359 New York City,NY,40.74683000000,-74.00683000000,164,APRSWXNET/CWOP,40.74683000000,-74.00683000000,NY - New York County - Chelsea-Hudson Yards - Chelsea
DW2708 Harrison,DW2708 Harrison,NJ,40.74800000000,-74.15183000000,75,APRSWXNET/CWOP,40.74800000000,-74.15183000000,NJ - Hudson County - Harrison - Harrison 1
HSNN4 Harrison,HSNN4 Harrison,NJ,40.74817000000,-74.15183000000,23,APRSWXNET/CWOP,40.74817000000,-74.15183000000,NJ - Hudson County - Harrison - Harrison 2
HSNN4 Harrison,HSNN4 Harrison,NJ,40.74817000000,-74.15183000000,23,APRSWXNET/CWOP,40.74817000000,-74.15183000000,NJ - Hudson County - Harrison - Harrison 3
KG2V Bayside Hills,KG2V Bayside Hills,NY,40.74819000000,-73.76539000000,75,APRSWXNET/CWOP,40.74819000000,-73.76539000000,NY - Queens County - Bayside - Bayside Hills
NT2L New Hyde Park,NT2L New Hyde Park,NY,40.74917000000,-73.66417000000,115,APRSWXNET/CWOP,40.74917000000,-73.66417000000,NY - Nassau County - North Hempstead - Garden City Park
DW9152 Jackson Heights,DW9152 Jackson Heights,NY,40.75133000000,-73.88217000000,67,APRSWXNET/CWOP,40.75133000000,-73.88217000000,NY - Queens County - Jackson Heights - Jackson Heights
Flushing,Flushing,NY,40.75140000000,-73.82620000000,30,NWS COOP,40.75140000000,-73.82620000000,NY - Queens County - Flushing-Willets Point - Flushing - Kissena Park
DW3395 New York,DW3395 New York,NY,40.75183000000,-73.94217000000,66,APRSWXNET/CWOP,40.75183000000,-73.94217000000,NY - Queens County - Queensbridge-Ravenswood-Dutch Kills - Long Island City - Queensboro Bridge
GW3531 NEW YORK,GW3531 NEW YORK,NY,40.75367000000,-74.00917000000,0,APRSWXNET/CWOP,40.75367000000,-74.00917000000,NY - New York County - New York - Chelsea - Hudson River
FW7223 Oakland Gardens,FW7223 Oakland Gardens,NY,40.75683000000,-73.75367000000,101,APRSWXNET/CWOP,40.75683000000,-73.75367000000,NY - Queens County - Bayside - Oakland Gardens
East Orange,East Orange,NJ,40.75750000000,-74.20050000000,151,AIRNOW,40.75750000000,-74.20050000000,NJ - Essex County - East Orange - East Orange
FW3259 Manhattan,FW3259 Manhattan,NY,40.75950000000,-73.98217000000,65,APRSWXNET/CWOP,40.75950000000,-73.98217000000,NY - New York County - Midtown-Times Square - Midtown
DW3550 Kearny,DW3550 Kearny,NJ,40.76197000000,-74.14742000000,323,APRSWXNET/CWOP,40.76197000000,-74.14742000000,NJ - Hudson County - Kearny - Kearny High School
Sara M. Gilmore School,Sara M. Gilmore School,NJ,40.76500000000,-74.04000000000,220,WEATHERSTEM,40.76500000000,-74.04000000000,NJ - Hudson County - Union City - Sara M. Gilmore School
Union City High School,Union City High School,NJ,40.77091000000,-74.03622000000,187,AIRNOW,40.77091000000,-74.03622000000,NJ - Hudson County - Union City - Union City High School
FW4321 New York,FW4321 New York,NY,40.77167000000,-73.95717000000,88,APRSWXNET/CWOP,40.77167000000,-73.95717000000,NY - New York County - Upper East Side-Lenox Hill-Roosevelt Island - Upper East Side
DW1415 Kearny,DW1415 Kearny,NJ,40.77290000000,-74.14089000000,91,APRSWXNET/CWOP,40.77290000000,-74.14089000000,NJ - Hudson County - Kearny - Kearny 1
DW3216 Astoria,DW3216 Astoria,NY,40.77633000000,-73.91100000000,59,APRSWXNET/CWOP,40.77633000000,-73.91100000000,NY - Queens County - Astoria (North)-Ditmars-Steinway - Astoria
EW9345 Kearny,EW9345 Kearny,NJ,40.77667000000,-74.14800000000,73,APRSWXNET/CWOP,40.77667000000,-74.14800000000,NJ - Hudson County - Kearny - Kearny 2
EW1297 West Orange,EW1297 West Orange,NJ,40.77850000000,-74.28033000000,411,APRSWXNET/CWOP,40.77850000000,-74.28033000000,NJ - Essex County - West Orange Township - West Orange
"New York, La Guardia Airport","New York, La Guardia Airport",NY,40.77917000000,-73.88000000000,20,NWS/FAA,40.77917000000,-73.88000000000,NY - Queens County - LaGuardia Airport - LaGuardia Airport
CW7926 Kearny,CW7926 Kearny,NJ,40.77967000000,-74.14383000000,120,APRSWXNET/CWOP,40.77967000000,-74.14383000000,NJ - Hudson County - Kearny - Kearny 3
Greentree Foundation,Greentree Foundation,NY,40.78100000000,-73.70129000000,79,WEATHERSTEM,40.78100000000,-73.70129000000,NY - Nassau County - North Hempstead - Greentree Foundation
CW9714 New York,CW9714 New York,NY,40.78250000000,-73.95700000000,410,APRSWXNET/CWOP,40.78250000000,-73.95700000000,NY - New York County - Upper East Side-Carnegie Hill - Carnegie Hill
"New York City, Central Park","New York City, Central Park",NY,40.78333000000,-73.96667000000,154,NWS/FAA,40.78333000000,-73.96667000000,NY - New York County - Central Park - Central Park
LYNDHURST,LYNDHURST,NJ,40.78421000000,-74.10462000000,7,NJNET,40.78421000000,-74.10462000000,NJ - Bergen County - Lyndhurst Township - Meadowlands
CW4291 West New York,CW4291 West New York,NJ,40.78500000000,-74.00700000000,492,APRSWXNET/CWOP,40.78500000000,-74.00700000000,NJ - Hudson County - West New York - West New York
KC1NE Secaucus,KC1NE Secaucus,NJ,40.78750000000,-74.07867000000,26,APRSWXNET/CWOP,40.78750000000,-74.07867000000,NJ - Hudson County - Secaucus - Secaucus 1
FW6107 Great Neck,FW6107 Great Neck,NY,40.79367000000,-73.72100000000,137,APRSWXNET/CWOP,40.79367000000,-73.72100000000,NY - Nassau County - North Hempstead - Great Neck
CW8670 North Arlington,CW8670 North Arlington,NJ,40.79417000000,-74.11883000000,27,APRSWXNET/CWOP,40.79417000000,-74.11883000000,NJ - Bergen County - North Arlington Borough - North Arlington
Meadowlands            Secaucus,Meadowlands            Secaucus,NJ,40.79570000000,-74.05530000000,200,WX4U,40.79570000000,-74.05530000000,NJ - Hudson County - Secaucus - Secaucus 2
FW1633 Beechhurst,FW1633 Beechhurst,NY,40.79599000000,-73.80552000000,6,APRSWXNET/CWOP,40.79599000000,-73.80552000000,NY - Queens County - Whitestone-Beechhurst - Beechhurst
RT 280 & Prospect Avenue,RT 280 & Prospect Avenue,NJ,40.79889000000,-74.26558000000,380,NJDOT,40.79889000000,-74.26558000000,NJ - Essex County - West Orange Township - West Orange - Rt 280
RT 280 at Pleasant Valley Road,RT 280 at Pleasant Valley Road,NJ,40.79922000000,-74.25188000000,564,NJDOT,40.79922000000,-74.25188000000,NJ - Essex County - West Orange Township - Prospect Ave / Rt 280
CW8090 Belleville,CW8090 Belleville,NJ,40.80533000000,-74.15550000000,148,APRSWXNET/CWOP,40.80533000000,-74.15550000000,NJ - Essex County - Belleville Township - Belleville
CW7785 New York,CW7785 New York,NY,40.80617000000,-73.94800000000,66,APRSWXNET/CWOP,40.80617000000,-73.94800000000,NY - New York County - Harlem (South) - Harlem
Bronx,Bronx,NY,40.80670000000,-73.79090000000,20,NWS COOP,40.80670000000,-73.79090000000,NY - Bronx County - Throgs Neck-Schuylerville - Throgs Point
Kings Point,Kings Point,NY,40.81030000000,-73.76500000000,0,NOS-NWLON,40.81030000000,-73.76500000000,NY - Nassau County - North Hempstead - US Merchant Marine Academy
Bronx - IS74,Bronx - IS74,NY,40.81470000000,-73.88670000000,85,AIRNOW,40.81470000000,-73.88670000000,NY - Bronx County - Hunts Point - Hunts Point
CW6924 Nutley,CW6924 Nutley,NJ,40.81500000000,-74.18417000000,50,APRSWXNET/CWOP,40.81500000000,-74.18417000000,NJ - Essex County - Bloomfield Township - Nutley
Bronx - IS52,Bronx - IS52,NY,40.81610000000,-73.90220000000,59,AIRNOW,40.81610000000,-73.90220000000,NY - Bronx County - Longwood - MS 302
CW3942 Nutley,CW3942 Nutley,NJ,40.81930000000,-74.16030000000,56,APRSWXNET/CWOP,40.81930000000,-74.16030000000,NJ - Essex County - Nutley Township - Nutley
CCNY,CCNY,NY,40.81970000000,-73.94810000000,131,AIRNOW,40.81970000000,-73.94810000000,NY - New York County - Manhattanville-West Harlem - City College CUNY
New York,New York,NY,40.82000000000,-73.95000000000,323,GPSMET,40.82000000000,-73.95000000000,NY - New York County - Manhattanville-West Harlem - City College CUNY
CW0437 Rutherford,CW0437 Rutherford,NJ,40.82330000000,-74.10500000000,256,APRSWXNET/CWOP,40.82330000000,-74.10500000000,NJ - Bergen County - Rutherford Borough - Rutherford
CW9476 Bloomfield,CW9476 Bloomfield,NJ,40.83250000000,-74.16967000000,174,APRSWXNET/CWOP,40.83250000000,-74.16967000000,NJ - Essex County - Bloomfield Township - Bloomfield
DW9739 Upper Montclair,DW9739 Upper Montclair,NJ,40.83595000000,-74.21239000000,369,APRSWXNET/CWOP,40.83595000000,-74.21239000000,NJ - Essex County - Montclair Township - Upper Montclair
Morrisania,Morrisania,NY,40.83670000000,-73.92140000000,43,AIRNOW,40.83670000000,-73.92140000000,NY - Bronx County - Concourse-Concourse Village - Morrisania
CW0858 Wood Ridge,CW0858 Wood Ridge,NJ,40.84200000000,-74.08300000000,52,APRSWXNET/CWOP,40.84200000000,-74.08300000000,NJ - Bergen County - Wood-Ridge Borough - Wood Ridge
EW7918 Lacordaire Academy,EW7918 Lacordaire Academy,NJ,40.84221000000,-74.20084000000,350,APRSWXNET/CWOP,40.84221000000,-74.20084000000,NJ - Essex County - Montclair Township - Lacordaire Academy
DW9424 Cedar Grove,DW9424 Cedar Grove,NJ,40.84467000000,-74.21633000000,541,APRSWXNET/CWOP,40.84467000000,-74.21633000000,NJ - Essex County - Cedar Grove Township - Cedar Grove
EW2471 New York City,EW2471 New York City,NY,40.84750000000,-73.94133000000,187,APRSWXNET/CWOP,40.84750000000,-73.94133000000,NY - New York County - Washington Heights (South) - EW2471 New York City
Manhattan/IS143,Manhattan/IS143,NY,40.84920000000,-73.93190000000,190,AIRNOW,40.84920000000,-73.93190000000,NY - New York County - Washington Heights (North) - IS 143
EW3462 City Island,EW3462 City Island,NY,40.85000000000,-73.78983000000,10,APRSWXNET/CWOP,40.85000000000,-73.78983000000,NY - Bronx County - Pelham Bay-Country Club-City Island - City Island
EW4570 Passaic,EW4570 Passaic,NJ,40.85217000000,-74.12983000000,150,APRSWXNET/CWOP,40.85217000000,-74.12983000000,NJ - Passaic County - Passaic - Passaic 1
Fort Lee Near Road,Fort Lee Near Road,NJ,40.85355000000,-73.96610000000,302,AIRNOW,40.85355000000,-73.96610000000,NJ - Bergen County - Fort Lee Borough - Fort Lee - George Washington Bridge
CW3193 Ridgefield Park,CW3193 Ridgefield Park,NJ,40.85580000000,-74.02280000000,33,APRSWXNET/CWOP,40.85580000000,-74.02280000000,NJ - Bergen County - Ridgefield Park Village - Ridgefield Park
DW8219 Hasbrouck Heights,DW8219 Hasbrouck Heights,NJ,40.85630000000,-74.08453000000,161,APRSWXNET/CWOP,40.85630000000,-74.08453000000,NJ - Bergen County - Hasbrouck Heights Borough - Hasbrouck Heights
Teterboro Airport,Teterboro Airport,NJ,40.85889000000,-74.05667000000,7,NWS/FAA,40.85889000000,-74.05667000000,NJ - Bergen County - Teterboro Borough - Teterboro Airport
FW6867 The Bronx,FW6867 The Bronx,NY,40.86033000000,-73.86033000000,111,APRSWXNET/CWOP,40.86033000000,-73.86033000000,NY - Bronx County - Allerton - Astor Collegiate Academy
Passaic,Passaic,NJ,40.86073000000,-74.12921000000,82,AIRNOW,40.86073000000,-74.12921000000,NJ - Passaic County - Passaic - Passaic 2
FW6206 Clifton,FW6206 Clifton,NJ,40.86100000000,-74.16200000000,154,APRSWXNET/CWOP,40.86100000000,-74.16200000000,NJ - Passaic County - Clifton - Clifton
W2IRT West Caldwell,W2IRT West Caldwell,NJ,40.86155000000,-74.27760000000,256,APRSWXNET/CWOP,40.86155000000,-74.27760000000,NJ - Essex County - West Caldwell Township - West Caldwell
CW9006 Fort Lee,CW9006 Fort Lee,NJ,40.86167000000,-73.96333000000,430,APRSWXNET/CWOP,40.86167000000,-73.96333000000,NJ - Bergen County - Fort Lee Borough - Fort Lee
CW2656 Clifton,CW2656 Clifton,NJ,40.86380000000,-74.17000000000,262,APRSWXNET/CWOP,40.86380000000,-74.17000000000,NJ - Passaic County - Clifton - Clifton
Little Falls,Little Falls,NJ,40.86460000000,-74.19926000000,387,NJNET,40.86460000000,-74.19926000000,NJ - Passaic County - Little Falls Township - Little Falls
CW2504 Fairfield,CW2504 Fairfield,NJ,40.86667000000,-74.28333000000,187,APRSWXNET/CWOP,40.86667000000,-74.28333000000,NJ - Essex County - Fairfield Township - Fairfield
Pfizer Lab,Pfizer Lab,NY,40.86800000000,-73.87820000000,108,AIRNOW,40.86800000000,-73.87820000000,NY - Bronx County - Bronx Park - Bronx Park - Pfizer Lab
Leonia,Leonia,NJ,40.87044000000,-73.99200000000,10,AIRNOW,40.87044000000,-73.99200000000,NJ - Bergen County - Leonia Borough - Leonia
PECKMAN RIVER AT LITTLE FALLS N,PECKMAN RIVER AT LITTLE FALLS N,NJ,40.87194000000,-74.22222000000,167,HADS,40.87194000000,-74.22222000000,NJ - Passaic County - Little Falls Township - Little Falls - Peckman River
"Caldwell, Essex County Airport","Caldwell, Essex County Airport",NJ,40.87639000000,-74.28306000000,171,NWS/FAA,40.87639000000,-74.28306000000,NJ - Essex County - Fairfield Township - Caldwell - Essex County Airport
LODI USGS UNHEATED RAIN GAGE NJ,LODI USGS UNHEATED RAIN GAGE NJ,NJ,40.87667000000,-74.08833000000,24,HADS,40.87667000000,-74.08833000000,NJ - Bergen County - Lodi Borough - Lodi Memorial Park
DW2034 Teaneck,DW2034 Teaneck,NJ,40.87752000000,-74.00438000000,26,APRSWXNET/CWOP,40.87752000000,-74.00438000000,NJ - Bergen County - Teaneck Township - Teaneck
Bronx / Execution Coast Guard St,Bronx / Execution Coast Guard St,NY,40.88333000000,-73.73333000000,26,NWS/FAA,40.88333000000,-73.73333000000,NY - Westchester County - Mamaroneck - Long Island Sound
PASSAIC RIVER AT LITTLE FALLS,PASSAIC RIVER AT LITTLE FALLS,NJ,40.88472000000,-74.22611000000,134,HADS,40.88472000000,-74.22611000000,NJ - Passaic County - Totowa Borough - Little Falls - Passaic River
GARRETT MOUNTAIN USGS UNHEATED R,GARRETT MOUNTAIN USGS UNHEATED R,NJ,40.88472000000,-74.18167000000,555,HADS,40.88472000000,-74.18167000000,NJ - Passaic County - Woodland Park Borough - Garret Mountain 1
DW3010 Garret Mountain,DW3010 Garret Mountain,NJ,40.88621000000,-74.19215000000,554,APRSWXNET/CWOP,40.88621000000,-74.19215000000,NJ - Passaic County - Woodland Park Borough - Garret Mountain 2
FW6101 Maywood,FW6101 Maywood,NJ,40.89067000000,-74.06517000000,62,APRSWXNET/CWOP,40.89067000000,-74.06517000000,NJ - Bergen County - Maywood Borough - Maywood
CW0960 Hackensack,CW0960 Hackensack,NJ,40.89330000000,-74.05800000000,72,APRSWXNET/CWOP,40.89330000000,-74.05800000000,NJ - Bergen County - Hackensack - Hackensack
WAYNE USGS UNHEATED RAIN GAGE,WAYNE USGS UNHEATED RAIN GAGE,NJ,40.91028000000,-74.25278000000,181,HADS,40.91028000000,-74.25278000000,NJ - Passaic County - Wayne Township - Wayne 1
CW5425 Tenafly,CW5425 Tenafly,NJ,40.91470000000,-73.97750000000,81,APRSWXNET/CWOP,40.91470000000,-73.97750000000,NJ - Bergen County - Tenafly Borough - Tenafly 1
FW2966 New Rochelle,FW2966 New Rochelle,NY,40.91633000000,-73.76050000000,23,APRSWXNET/CWOP,40.91633000000,-73.76050000000,NY - Westchester County - New Rochelle - New Rochelle
CW4014 Paterson,CW4014 Paterson,NJ,40.91800000000,-74.14450000000,82,APRSWXNET/CWOP,40.91800000000,-74.14450000000,NJ - Passaic County - Paterson - Paterson 1
Paterson,Paterson,NJ,40.91838000000,-74.16809000000,71,AIRNOW,40.91838000000,-74.16809000000,NJ - Passaic County - Paterson - Paterson 2
GW0992 Bergenfield,GW0992 Bergenfield,NJ,40.91983000000,-73.99717000000,82,APRSWXNET/CWOP,40.91983000000,-73.99717000000,NJ - Bergen County - Bergenfield Borough - Bergenfield
WAYNE,WAYNE,NJ,40.92166000000,-74.25780000000,249,NJNET,40.92166000000,-74.25780000000,NJ - Passaic County - Wayne Township - Wayne 2
DW6004 Fair Lawn,DW6004 Fair Lawn,NJ,40.92177000000,-74.10441000000,62,APRSWXNET/CWOP,40.92177000000,-74.10441000000,NJ - Bergen County - Fair Lawn Borough - Fair Lawn 1
DW8340 Tenafly,DW8340 Tenafly,NJ,40.92450000000,-73.98167000000,164,APRSWXNET/CWOP,40.92450000000,-73.98167000000,NJ - Bergen County - Tenafly Borough - Tenafly 2
CW5885 Fair Lawn,CW5885 Fair Lawn,NJ,40.92867000000,-74.11417000000,78,APRSWXNET/CWOP,40.92867000000,-74.11417000000,NJ - Bergen County - Fair Lawn Borough - Fair Lawn 2
FW8945 Wayne,FW8945 Wayne,NJ,40.93117000000,-74.27217000000,239,APRSWXNET/CWOP,40.93117000000,-74.27217000000,NJ - Passaic County - Wayne Township - Wayne 3
EW7562 Old Tappan,EW7562 Old Tappan,NJ,40.94033000000,-73.95750000000,52,APRSWXNET/CWOP,40.94033000000,-73.95750000000,NJ - Bergen County - Cresskill Borough - Old Tappan
CW2862 Hawthorne,CW2862 Hawthorne,NJ,40.94370000000,-74.15250000000,52,APRSWXNET/CWOP,40.94370000000,-74.15250000000,NJ - Passaic County - Hawthorne Borough - Hawthorne 1
North Haledon,North Haledon,NJ,40.94569000000,-74.18423000000,203,NJNET,40.94569000000,-74.18423000000,NJ - Passaic County - North Haledon Borough - North Haledon
DW1167 Mamaroneck,DW1167 Mamaroneck,NY,40.94833000000,-73.73050000000,16,APRSWXNET/CWOP,40.94833000000,-73.73050000000,NY - Westchester County - Rye - Mamaroneck 1
KC2IMB-1 Wayne,KC2IMB-1 Wayne,NJ,40.95000000000,-74.25000000000,299,APRSWXNET/CWOP,40.95000000000,-74.25000000000,NJ - Passaic County - Wayne Township - Wayne 4
RAPID DEPLOY - MAMARONECK RIVER,RAPID DEPLOY - MAMARONECK RIVER,NY,40.95111000000,-73.73222000000,19,HADS,40.95111000000,-73.73222000000,NY - Westchester County - Rye - Mamaroneck 2
HAWTHORNE,HAWTHORNE,NJ,40.95191000000,-74.15770000000,82,NJNET,40.95191000000,-74.15770000000,NJ - Passaic County - Hawthorne Borough - Hawthorne 2
FW6481 Oradell,FW6481 Oradell,NJ,40.95517000000,-74.03246000000,65,APRSWXNET/CWOP,40.95517000000,-74.03246000000,NJ - Bergen County - Oradell Borough - Oradell
HAWORTH,HAWORTH,NJ,40.95930000000,-74.01360000000,29,NJNET,40.95930000000,-74.01360000000,NJ - Bergen County - Haworth Borough - Haworth
W2GUX Hawthorne,W2GUX Hawthorne,NJ,40.96033000000,-74.15833000000,102,APRSWXNET/CWOP,40.96033000000,-74.15833000000,NJ - Passaic County - Hawthorne Borough - Hawthorne 3
Disbrow Park,Disbrow Park,NY,40.96409000000,-73.69097000000,40,MISC,40.96409000000,-73.69097000000,NY - Westchester County - Rye - Disbrow Park
EW4385 Wayne,EW4385 Wayne,NJ,40.96500000000,-74.27650000000,240,APRSWXNET/CWOP,40.96500000000,-74.27650000000,NJ - Passaic County - Wayne Township - Wayne 5
N2ZYZ Paramus,N2ZYZ Paramus,NJ,40.96543000000,-74.06205000000,72,APRSWXNET/CWOP,40.96543000000,-74.06205000000,NJ - Bergen County - Paramus Borough - Paramus
KO2FB Hawthorne,KO2FB Hawthorne,NJ,40.96630000000,-74.15730000000,112,APRSWXNET/CWOP,40.96630000000,-74.15730000000,NJ - Passaic County - Hawthorne Borough - Hawthorne 4
POMPTON RIVER AT POMPTON PLAINS,POMPTON RIVER AT POMPTON PLAINS,NJ,40.96972000000,-74.28194000000,176,HADS,40.96972000000,-74.28194000000,NJ - Passaic County - Wayne Township - Pompton River
